{
  "id": "1409915",
  "name": "表单引擎",
  "font_family": "engineIconFont",
  "css_prefix_text": "engine",
  "description": "表单引擎",
  "glyphs": [
    {
      "icon_id": "12746979",
      "name": "引擎列表",
      "font_class": "-pageflow-list",
      "unicode": "e6ae",
      "unicode_decimal": 59054
    },
    {
      "icon_id": "12746990",
      "name": "测试表单",
      "font_class": "-pageflow-form",
      "unicode": "e6af",
      "unicode_decimal": 59055
    },
    {
      "icon_id": "12746994",
      "name": "测试流程",
      "font_class": "-pageflow-flow",
      "unicode": "e6b0",
      "unicode_decimal": 59056
    },
    {
      "icon_id": "12746995",
      "name": "第三方界面",
      "font_class": "-pageflow-thirdparty",
      "unicode": "e6b1",
      "unicode_decimal": 59057
    },
    {
      "icon_id": "12372308",
      "name": "-rbac-unbind",
      "font_class": "-rbac-unbind",
      "unicode": "e6ad",
      "unicode_decimal": 59053
    },
    {
      "icon_id": "12319661",
      "name": "1:1 右@2x",
      "font_class": "-rbac-one-one",
      "unicode": "e694",
      "unicode_decimal": 59028
    },
    {
      "icon_id": "12319665",
      "name": "1:n 右@2x",
      "font_class": "-rbac-one-more",
      "unicode": "e6a7",
      "unicode_decimal": 59047
    },
    {
      "icon_id": "12319668",
      "name": "1 右@2x",
      "font_class": "-rbac-more-one",
      "unicode": "e6a8",
      "unicode_decimal": 59048
    },
    {
      "icon_id": "12319669",
      "name": "n 右@2x",
      "font_class": "-rbac-more-more",
      "unicode": "e6a9",
      "unicode_decimal": 59049
    },
    {
      "icon_id": "12256151",
      "name": "修改  （小卡片）@1x",
      "font_class": "-rbac-edit",
      "unicode": "e6a6",
      "unicode_decimal": 59046
    },
    {
      "icon_id": "12189052",
      "name": "engine-rbac-usersGroup",
      "font_class": "-rbac-usersGroup",
      "unicode": "e6a5",
      "unicode_decimal": 59045
    },
    {
      "icon_id": "12174627",
      "name": "勾选 copy@2x",
      "font_class": "-rbac-checked",
      "unicode": "e699",
      "unicode_decimal": 59033
    },
    {
      "icon_id": "12173851",
      "name": "勾选（空） copy@2x",
      "font_class": "-rbac-check",
      "unicode": "e68e",
      "unicode_decimal": 59022
    },
    {
      "icon_id": "12161728",
      "name": "engine-rbac-buttonManageController",
      "font_class": "-rbac-buttonManageController",
      "unicode": "e65d",
      "unicode_decimal": 58973
    },
    {
      "icon_id": "12150651",
      "name": "-rbac-switch-open",
      "font_class": "-rbac-switch-open",
      "unicode": "e62b",
      "unicode_decimal": 58923
    },
    {
      "icon_id": "12150652",
      "name": "-rbac-switch-close",
      "font_class": "-rbac-switch-close",
      "unicode": "e635",
      "unicode_decimal": 58933
    },
    {
      "icon_id": "12097042",
      "name": "positionIcon",
      "font_class": "-rbac-positionIcon",
      "unicode": "e65a",
      "unicode_decimal": 58970
    },
    {
      "icon_id": "11927790",
      "name": "engine-icon-rbac-dragger",
      "font_class": "-rbac-dragger",
      "unicode": "e65e",
      "unicode_decimal": 58974
    },
    {
      "icon_id": "11927798",
      "name": "engine-icon-rbac-toggleStyle",
      "font_class": "-rbac-toggleStyle",
      "unicode": "e664",
      "unicode_decimal": 58980
    },
    {
      "icon_id": "11927800",
      "name": "engine-icon-rbac-connectCard",
      "font_class": "-rbac-connectCard",
      "unicode": "e68c",
      "unicode_decimal": 59020
    },
    {
      "icon_id": "11927808",
      "name": "engine-icon-rbac-close",
      "font_class": "-rbac-close",
      "unicode": "e68d",
      "unicode_decimal": 59021
    },
    {
      "icon_id": "11927826",
      "name": "engine-icon-rbac-add",
      "font_class": "-rbac-add",
      "unicode": "e68f",
      "unicode_decimal": 59023
    },
    {
      "icon_id": "11927833",
      "name": "engine-icon-rbac-addform",
      "font_class": "-rbac-addform",
      "unicode": "e690",
      "unicode_decimal": 59024
    },
    {
      "icon_id": "11927835",
      "name": "engine-icon-rbac-triangle",
      "font_class": "-rbac-triangle",
      "unicode": "e691",
      "unicode_decimal": 59025
    },
    {
      "icon_id": "11927836",
      "name": "engine-icon-rbac-edit",
      "font_class": "-rbac-editPencil",
      "unicode": "e692",
      "unicode_decimal": 59026
    },
    {
      "icon_id": "11927855",
      "name": "engine-icon-rbac-refresh",
      "font_class": "-rbac-refresh",
      "unicode": "e693",
      "unicode_decimal": 59027
    },
    {
      "icon_id": "11962218",
      "name": "engine-icon-rbac-access",
      "font_class": "-rbac-access",
      "unicode": "e695",
      "unicode_decimal": 59029
    },
    {
      "icon_id": "11962221",
      "name": "engine-icon-rbac-forbidden",
      "font_class": "-rbac-forbidden",
      "unicode": "e696",
      "unicode_decimal": 59030
    },
    {
      "icon_id": "11962222",
      "name": "engine-icon-rbac-userGroup",
      "font_class": "-rbac-userGroup",
      "unicode": "e697",
      "unicode_decimal": 59031
    },
    {
      "icon_id": "11962223",
      "name": "engine-icon-rbac-moreOne",
      "font_class": "-rbac-moreOne",
      "unicode": "e698",
      "unicode_decimal": 59032
    },
    {
      "icon_id": "11962229",
      "name": "engine-icon-rbac-clickIconActive",
      "font_class": "-rbac-clickIconActive",
      "unicode": "e69a",
      "unicode_decimal": 59034
    },
    {
      "icon_id": "11962230",
      "name": "engine-icon-rbac-finance",
      "font_class": "-rbac-finance",
      "unicode": "e69b",
      "unicode_decimal": 59035
    },
    {
      "icon_id": "11962231",
      "name": "engine-icon-rbac-editor",
      "font_class": "-rbac-editor",
      "unicode": "e69c",
      "unicode_decimal": 59036
    },
    {
      "icon_id": "11962235",
      "name": "engine-icon-rbac-save",
      "font_class": "-rbac-save",
      "unicode": "e69d",
      "unicode_decimal": 59037
    },
    {
      "icon_id": "11962236",
      "name": "engine-icon-rbac-trash",
      "font_class": "-rbac-trash",
      "unicode": "e69e",
      "unicode_decimal": 59038
    },
    {
      "icon_id": "11962237",
      "name": "engine-icon-rbac-clickIcon",
      "font_class": "-rbac-clickIcon",
      "unicode": "e69f",
      "unicode_decimal": 59039
    },
    {
      "icon_id": "11962238",
      "name": "engine-icon-rbac-search",
      "font_class": "-rbac-search",
      "unicode": "e6a0",
      "unicode_decimal": 59040
    },
    {
      "icon_id": "11962239",
      "name": "engine-icon-rbac-addIcon",
      "font_class": "-rbac-addIcon",
      "unicode": "e6a1",
      "unicode_decimal": 59041
    },
    {
      "icon_id": "11962242",
      "name": "engine-icon-rbac-tree",
      "font_class": "-rbac-tree",
      "unicode": "e6a2",
      "unicode_decimal": 59042
    },
    {
      "icon_id": "11962243",
      "name": "engine-icon-rbac-expand",
      "font_class": "-rbac-expand",
      "unicode": "e6a3",
      "unicode_decimal": 59043
    },
    {
      "icon_id": "11962244",
      "name": "engine-icon-rbac-formInfo",
      "font_class": "-rbac-formInfo",
      "unicode": "e6a4",
      "unicode_decimal": 59044
    },
    {
      "icon_id": "7936387",
      "name": "control",
      "font_class": "-editor-control",
      "unicode": "e669",
      "unicode_decimal": 58985
    },
    {
      "icon_id": "7936388",
      "name": "最小化@1.5x",
      "font_class": "-editor-min-circle",
      "unicode": "e66a",
      "unicode_decimal": 58986
    },
    {
      "icon_id": "7936391",
      "name": "i灰色@1.5x",
      "font_class": "-editor-italic",
      "unicode": "e66c",
      "unicode_decimal": 58988
    },
    {
      "icon_id": "7936393",
      "name": "预览蓝色@1.5x",
      "font_class": "-editor-preview",
      "unicode": "e66f",
      "unicode_decimal": 58991
    },
    {
      "icon_id": "7936397",
      "name": "x 删除@1.5x",
      "font_class": "-custom-delete",
      "unicode": "e670",
      "unicode_decimal": 58992
    },
    {
      "icon_id": "7936399",
      "name": "数字输入框@1.5x",
      "font_class": "-editor-input-number",
      "unicode": "e671",
      "unicode_decimal": 58993
    },
    {
      "icon_id": "8031749",
      "name": "工具栏  格式刷@1.5x",
      "font_class": "-editor-copystyle",
      "unicode": "e672",
      "unicode_decimal": 58994
    },
    {
      "icon_id": "8031755",
      "name": "工具栏 粘贴@1.5x",
      "font_class": "-editor-pastecolor",
      "unicode": "e673",
      "unicode_decimal": 58995
    },
    {
      "icon_id": "8037415",
      "name": "b@1.5x",
      "font_class": "-editor-fontbold",
      "unicode": "e674",
      "unicode_decimal": 58996
    },
    {
      "icon_id": "8037416",
      "name": "a 一@1.5x",
      "font_class": "-editor-reducefontsize",
      "unicode": "e676",
      "unicode_decimal": 58998
    },
    {
      "icon_id": "8037417",
      "name": "r@1.5x",
      "font_class": "-editor-remote",
      "unicode": "e677",
      "unicode_decimal": 58999
    },
    {
      "icon_id": "8037418",
      "name": "a 加@1.5x",
      "font_class": "-editor-addfontsize",
      "unicode": "e678",
      "unicode_decimal": 59000
    },
    {
      "icon_id": "8037419",
      "name": "i@1.5x",
      "font_class": "-editor-fontstyleitalic",
      "unicode": "e679",
      "unicode_decimal": 59001
    },
    {
      "icon_id": "8037420",
      "name": "u@1.5x",
      "font_class": "-editor-underline",
      "unicode": "e67a",
      "unicode_decimal": 59002
    },
    {
      "icon_id": "8037421",
      "name": "a@1.5x",
      "font_class": "-editor-color",
      "unicode": "e67b",
      "unicode_decimal": 59003
    },
    {
      "icon_id": "8038477",
      "name": "工具栏 图标 1@1.5x",
      "font_class": "-editor-flexstart",
      "unicode": "e67d",
      "unicode_decimal": 59005
    },
    {
      "icon_id": "8038489",
      "name": "工具栏 图标 2@1.5x",
      "font_class": "-editor-flexcenter",
      "unicode": "e67e",
      "unicode_decimal": 59006
    },
    {
      "icon_id": "8038496",
      "name": "工具栏 图标 3@1.5x",
      "font_class": "-editor-flexbottom",
      "unicode": "e67f",
      "unicode_decimal": 59007
    },
    {
      "icon_id": "8038500",
      "name": "工具栏 图标 4@1.5x",
      "font_class": "-editor-textleft",
      "unicode": "e681",
      "unicode_decimal": 59009
    },
    {
      "icon_id": "8038502",
      "name": "工具栏 图标 5@1.5x",
      "font_class": "-editor-textcenter",
      "unicode": "e682",
      "unicode_decimal": 59010
    },
    {
      "icon_id": "8038503",
      "name": "工具栏 图标 6@1.5x",
      "font_class": "-editor-textright",
      "unicode": "e683",
      "unicode_decimal": 59011
    },
    {
      "icon_id": "8038548",
      "name": "工具栏 图标 7@1.5x",
      "font_class": "-editor-justifycenter",
      "unicode": "e684",
      "unicode_decimal": 59012
    },
    {
      "icon_id": "8038555",
      "name": "工具栏 图标 8@1.5x",
      "font_class": "-editor-addindent",
      "unicode": "e685",
      "unicode_decimal": 59013
    },
    {
      "icon_id": "8038621",
      "name": "工具栏 图标 9@1.5x",
      "font_class": "-editor-minusindent",
      "unicode": "e686",
      "unicode_decimal": 59014
    },
    {
      "icon_id": "8038628",
      "name": "工具栏 图标 10@1.5x",
      "font_class": "-editor-justifyaround",
      "unicode": "e687",
      "unicode_decimal": 59015
    },
    {
      "icon_id": "8040780",
      "name": "上@1.5x",
      "font_class": "-editor-padding-top",
      "unicode": "e688",
      "unicode_decimal": 59016
    },
    {
      "icon_id": "8040783",
      "name": "下@1.5x",
      "font_class": "-editor-paddingbottom",
      "unicode": "e689",
      "unicode_decimal": 59017
    },
    {
      "icon_id": "8133713",
      "name": "fanhui",
      "font_class": "-custom-prev",
      "unicode": "e68a",
      "unicode_decimal": 59018
    },
    {
      "icon_id": "8133714",
      "name": "gengduo",
      "font_class": "-custom-next",
      "unicode": "e68b",
      "unicode_decimal": 59019
    },
    {
      "icon_id": "2912573",
      "name": "二维码",
      "font_class": "-editor-ercode",
      "unicode": "e63d",
      "unicode_decimal": 58941
    },
    {
      "icon_id": "4922609",
      "name": "禁止编辑",
      "font_class": "-editor-disable-editor",
      "unicode": "e675",
      "unicode_decimal": 58997
    },
    {
      "icon_id": "6265083",
      "name": "设置-实色",
      "font_class": "-editor-setting",
      "unicode": "e649",
      "unicode_decimal": 58953
    },
    {
      "icon_id": "7936301",
      "name": "help",
      "font_class": "-custom-help",
      "unicode": "e637",
      "unicode_decimal": 58935
    },
    {
      "icon_id": "7936303",
      "name": "requires",
      "font_class": "-editor-requires",
      "unicode": "e638",
      "unicode_decimal": 58936
    },
    {
      "icon_id": "7936304",
      "name": " interaction",
      "font_class": "-editor-interaction",
      "unicode": "e639",
      "unicode_decimal": 58937
    },
    {
      "icon_id": "7936305",
      "name": "copy",
      "font_class": "-editor-copy",
      "unicode": "e63b",
      "unicode_decimal": 58939
    },
    {
      "icon_id": "7936306",
      "name": "radio",
      "font_class": "-editor-radio",
      "unicode": "e63e",
      "unicode_decimal": 58942
    },
    {
      "icon_id": "7936307",
      "name": "edit",
      "font_class": "-editor-edit",
      "unicode": "e63f",
      "unicode_decimal": 58943
    },
    {
      "icon_id": "7936311",
      "name": "insert",
      "font_class": "-editor-insert",
      "unicode": "e640",
      "unicode_decimal": 58944
    },
    {
      "icon_id": "7936316",
      "name": "弹框  删除 白色@1.5x",
      "font_class": "-editor-discard",
      "unicode": "e641",
      "unicode_decimal": 58945
    },
    {
      "icon_id": "7936317",
      "name": "property",
      "font_class": "-editor-property",
      "unicode": "e642",
      "unicode_decimal": 58946
    },
    {
      "icon_id": "7936319",
      "name": "paste-select",
      "font_class": "-editor-paste-select",
      "unicode": "e643",
      "unicode_decimal": 58947
    },
    {
      "icon_id": "7936321",
      "name": "event",
      "font_class": "-editor-event",
      "unicode": "e645",
      "unicode_decimal": 58949
    },
    {
      "icon_id": "7936322",
      "name": "import",
      "font_class": "-editor-download",
      "unicode": "e646",
      "unicode_decimal": 58950
    },
    {
      "icon_id": "7936326",
      "name": "source",
      "font_class": "-editor-chart",
      "unicode": "e647",
      "unicode_decimal": 58951
    },
    {
      "icon_id": "7936330",
      "name": "style1",
      "font_class": "-editor-style1",
      "unicode": "e648",
      "unicode_decimal": 58952
    },
    {
      "icon_id": "7936331",
      "name": "style2",
      "font_class": "-editor-style2",
      "unicode": "e64a",
      "unicode_decimal": 58954
    },
    {
      "icon_id": "7936335",
      "name": "select",
      "font_class": "-editor-select",
      "unicode": "e64b",
      "unicode_decimal": 58955
    },
    {
      "icon_id": "7936336",
      "name": "read-only",
      "font_class": "-editor-read-only",
      "unicode": "e64c",
      "unicode_decimal": 58956
    },
    {
      "icon_id": "7936337",
      "name": " pen",
      "font_class": "-editor-pen",
      "unicode": "e64f",
      "unicode_decimal": 58959
    },
    {
      "icon_id": "7936338",
      "name": "hidden",
      "font_class": "-editor-hidden",
      "unicode": "e650",
      "unicode_decimal": 58960
    },
    {
      "icon_id": "7936339",
      "name": "style3",
      "font_class": "-editor-style3",
      "unicode": "e653",
      "unicode_decimal": 58963
    },
    {
      "icon_id": "7936340",
      "name": "save",
      "font_class": "-editor-save",
      "unicode": "e654",
      "unicode_decimal": 58964
    },
    {
      "icon_id": "7936341",
      "name": "single-row",
      "font_class": "-editor-single-row",
      "unicode": "e655",
      "unicode_decimal": 58965
    },
    {
      "icon_id": "7936342",
      "name": "more",
      "font_class": "-custom-more",
      "unicode": "e656",
      "unicode_decimal": 58966
    },
    {
      "icon_id": "7936343",
      "name": "multi-line",
      "font_class": "-editor-multi-line",
      "unicode": "e658",
      "unicode_decimal": 58968
    },
    {
      "icon_id": "7936344",
      "name": "copy-frame",
      "font_class": "-editor-copy-frame",
      "unicode": "e659",
      "unicode_decimal": 58969
    },
    {
      "icon_id": "7936356",
      "name": "split",
      "font_class": "-editor-split",
      "unicode": "e65b",
      "unicode_decimal": 58971
    },
    {
      "icon_id": "7936357",
      "name": "合并  蓝色@1.5x",
      "font_class": "-editor-combine",
      "unicode": "e65c",
      "unicode_decimal": 58972
    },
    {
      "icon_id": "7936364",
      "name": "工具栏  剪切@1.5x",
      "font_class": "-editor-cut",
      "unicode": "e65f",
      "unicode_decimal": 58975
    },
    {
      "icon_id": "7936365",
      "name": "扫 蓝色@1.5x",
      "font_class": "-editor-brush",
      "unicode": "e660",
      "unicode_decimal": 58976
    },
    {
      "icon_id": "7936367",
      "name": "日期选择2@1.5x",
      "font_class": "-editor-date-select",
      "unicode": "e661",
      "unicode_decimal": 58977
    },
    {
      "icon_id": "7936368",
      "name": "日期选择 @1.5x",
      "font_class": "-editor-date",
      "unicode": "e662",
      "unicode_decimal": 58978
    },
    {
      "icon_id": "7936373",
      "name": "右箭头  灰色@1.5x",
      "font_class": "-editor-arrows-right",
      "unicode": "e665",
      "unicode_decimal": 58981
    },
    {
      "icon_id": "7936376",
      "name": "下拉箭头  灰色@1.5x",
      "font_class": "-editor-arrows-down",
      "unicode": "e666",
      "unicode_decimal": 58982
    },
    {
      "icon_id": "7936377",
      "name": "最大化@1.5x",
      "font_class": "-editor-min",
      "unicode": "e667",
      "unicode_decimal": 58983
    },
    {
      "icon_id": "7936386",
      "name": "文本@1.5x",
      "font_class": "-editor-text",
      "unicode": "e668",
      "unicode_decimal": 58984
    },
    {
      "icon_id": "8788507",
      "name": "开始",
      "font_class": "-flow-start",
      "unicode": "e629",
      "unicode_decimal": 58921
    },
    {
      "icon_id": "8788559",
      "name": "结束",
      "font_class": "-flow-end",
      "unicode": "e62a",
      "unicode_decimal": 58922
    },
    {
      "icon_id": "9272168",
      "name": "全屏",
      "font_class": "-flow-full-screen",
      "unicode": "e62c",
      "unicode_decimal": 58924
    },
    {
      "icon_id": "9272173",
      "name": "缩小",
      "font_class": "-flow-narrow",
      "unicode": "e62d",
      "unicode_decimal": 58925
    },
    {
      "icon_id": "9272223",
      "name": "放大",
      "font_class": "-flow-magnify",
      "unicode": "e62e",
      "unicode_decimal": 58926
    },
    {
      "icon_id": "9272224",
      "name": "缩小",
      "font_class": "-flow-shrink",
      "unicode": "e62f",
      "unicode_decimal": 58927
    },
    {
      "icon_id": "9402174",
      "name": "rollback",
      "font_class": "-flow-rollback",
      "unicode": "e630",
      "unicode_decimal": 58928
    },
    {
      "icon_id": "9402175",
      "name": "forward",
      "font_class": "-flow-forward",
      "unicode": "e631",
      "unicode_decimal": 58929
    },
    {
      "icon_id": "10289928",
      "name": "guanbi",
      "font_class": "-flow-close",
      "unicode": "e632",
      "unicode_decimal": 58930
    },
    {
      "icon_id": "10289946",
      "name": "tijiaoquerenwenjian",
      "font_class": "-flow-submit",
      "unicode": "e633",
      "unicode_decimal": 58931
    },
    {
      "icon_id": "10289949",
      "name": "zancun",
      "font_class": "-flow-save",
      "unicode": "e634",
      "unicode_decimal": 58932
    },
    {
      "icon_id": "10294474",
      "name": "huanyuan",
      "font_class": "-flow-restore",
      "unicode": "e636",
      "unicode_decimal": 58934
    },
    {
      "icon_id": "10814522",
      "name": "iconfonts",
      "font_class": "-custom-fonts",
      "unicode": "e624",
      "unicode_decimal": 58916
    },
    {
      "icon_id": "10814523",
      "name": "icon-address-book",
      "font_class": "-editor-address-book",
      "unicode": "e625",
      "unicode_decimal": 58917
    },
    {
      "icon_id": "10814528",
      "name": "icon_xiazai",
      "font_class": "-custom-download",
      "unicode": "e627",
      "unicode_decimal": 58919
    },
    {
      "icon_id": "10814529",
      "name": "icontextwidth",
      "font_class": "-editor-text-width",
      "unicode": "e628",
      "unicode_decimal": 58920
    },
    {
      "icon_id": "10815150",
      "name": "upload",
      "font_class": "-editor-upload",
      "unicode": "e614",
      "unicode_decimal": 58900
    },
    {
      "icon_id": "10816599",
      "name": "picture-o",
      "font_class": "-editor-picture",
      "unicode": "e623",
      "unicode_decimal": 58915
    },
    {
      "icon_id": "10817245",
      "name": "desktop",
      "font_class": "-custom-desktop",
      "unicode": "e626",
      "unicode_decimal": 58918
    },
    {
      "icon_id": "10817498",
      "name": "icon_question_circle",
      "font_class": "-custom-question-circle",
      "unicode": "e61f",
      "unicode_decimal": 58911
    },
    {
      "icon_id": "70690",
      "name": "函数",
      "font_class": "-menu-func",
      "unicode": "e601",
      "unicode_decimal": 58881
    },
    {
      "icon_id": "369140",
      "name": "列表",
      "font_class": "-menu-list",
      "unicode": "e605",
      "unicode_decimal": 58885
    },
    {
      "icon_id": "580712",
      "name": "数据视图配置",
      "font_class": "-menu-dataview-setting",
      "unicode": "e609",
      "unicode_decimal": 58889
    },
    {
      "icon_id": "963668",
      "name": "套用流程模板",
      "font_class": "-menu-process-temp",
      "unicode": "e66d",
      "unicode_decimal": 58989
    },
    {
      "icon_id": "1581474",
      "name": "样式",
      "font_class": "-menu-style",
      "unicode": "e63a",
      "unicode_decimal": 58938
    },
    {
      "icon_id": "1581921",
      "name": "表单引擎",
      "font_class": "-menu-formengine",
      "unicode": "e61d",
      "unicode_decimal": 58909
    },
    {
      "icon_id": "1663368",
      "name": "list-alt",
      "font_class": "-menu-list-alt",
      "unicode": "e7ae",
      "unicode_decimal": 59310
    },
    {
      "icon_id": "1718321",
      "name": "返回",
      "font_class": "-editor-pre",
      "unicode": "e608",
      "unicode_decimal": 58888
    },
    {
      "icon_id": "1718323",
      "name": "更多",
      "font_class": "-editor-next",
      "unicode": "e60c",
      "unicode_decimal": 58892
    },
    {
      "icon_id": "1910376",
      "name": "表单模板",
      "font_class": "-menu-formtemp",
      "unicode": "e6aa",
      "unicode_decimal": 59050
    },
    {
      "icon_id": "1961719",
      "name": "数据字典",
      "font_class": "-menu-dict",
      "unicode": "e600",
      "unicode_decimal": 58880
    },
    {
      "icon_id": "2006920",
      "name": "账户管理",
      "font_class": "-menu-accout",
      "unicode": "e64d",
      "unicode_decimal": 58957
    },
    {
      "icon_id": "2194838",
      "name": "监听器",
      "font_class": "-menu-monitor",
      "unicode": "e606",
      "unicode_decimal": 58886
    },
    {
      "icon_id": "2302745",
      "name": "流程引擎",
      "font_class": "-menu-process-engine",
      "unicode": "e604",
      "unicode_decimal": 58884
    },
    {
      "icon_id": "2388596",
      "name": "print",
      "font_class": "-editor-print",
      "unicode": "e6ff",
      "unicode_decimal": 59135
    },
    {
      "icon_id": "2780870",
      "name": "角色管理",
      "font_class": "-menu-role-manage",
      "unicode": "e6fd",
      "unicode_decimal": 59133
    },
    {
      "icon_id": "2987142",
      "name": "可用",
      "font_class": "-menu-useable",
      "unicode": "e651",
      "unicode_decimal": 58961
    },
    {
      "icon_id": "3183683",
      "name": "定时任务",
      "font_class": "-menu-timer",
      "unicode": "e63c",
      "unicode_decimal": 58940
    },
    {
      "icon_id": "3624547",
      "name": "菜单管理",
      "font_class": "-menu-manage",
      "unicode": "e663",
      "unicode_decimal": 58979
    },
    {
      "icon_id": "4050242",
      "name": "抄送 (1)",
      "font_class": "-menu-copy",
      "unicode": "e644",
      "unicode_decimal": 58948
    },
    {
      "icon_id": "4416720",
      "name": "综合页面列表配置",
      "font_class": "-menu-list-temp",
      "unicode": "e742",
      "unicode_decimal": 59202
    },
    {
      "icon_id": "4515921",
      "name": "岗位管理",
      "font_class": "-menu-position",
      "unicode": "e657",
      "unicode_decimal": 58967
    },
    {
      "icon_id": "4737759",
      "name": "导出",
      "font_class": "-menu-export",
      "unicode": "e6fe",
      "unicode_decimal": 59134
    },
    {
      "icon_id": "4745605",
      "name": "commenting-o",
      "font_class": "-editor-comment",
      "unicode": "e60e",
      "unicode_decimal": 58894
    },
    {
      "icon_id": "4921102",
      "name": "用户与权限",
      "font_class": "-menu-user-authority",
      "unicode": "e6ab",
      "unicode_decimal": 59051
    },
    {
      "icon_id": "5027334",
      "name": "组织机构",
      "font_class": "-menu-org",
      "unicode": "e60a",
      "unicode_decimal": 58890
    },
    {
      "icon_id": "5038414",
      "name": "check",
      "font_class": "-editor-check",
      "unicode": "e66e",
      "unicode_decimal": 58990
    },
    {
      "icon_id": "5422028",
      "name": "search close",
      "font_class": "-editor-close",
      "unicode": "e610",
      "unicode_decimal": 58896
    },
    {
      "icon_id": "5479705",
      "name": "已办",
      "font_class": "-menu-done",
      "unicode": "e602",
      "unicode_decimal": 58882
    },
    {
      "icon_id": "5637547",
      "name": "参数管理",
      "font_class": "-menu-paramsmanage",
      "unicode": "e603",
      "unicode_decimal": 58883
    },
    {
      "icon_id": "5647015",
      "name": "地址管理",
      "font_class": "-menu-addressmanage",
      "unicode": "e622",
      "unicode_decimal": 58914
    },
    {
      "icon_id": "5783584",
      "name": "数据源",
      "font_class": "-menu-datasource",
      "unicode": "e607",
      "unicode_decimal": 58887
    },
    {
      "icon_id": "6670159",
      "name": "首页-选中",
      "font_class": "-menu-home",
      "unicode": "e67c",
      "unicode_decimal": 59004
    },
    {
      "icon_id": "6760831",
      "name": "用户组",
      "font_class": "-menu-usergroup",
      "unicode": "e6ac",
      "unicode_decimal": 59052
    },
    {
      "icon_id": "7094797",
      "name": "refresh",
      "font_class": "-editor-refresh",
      "unicode": "e611",
      "unicode_decimal": 58897
    },
    {
      "icon_id": "7202382",
      "name": "wpforms",
      "font_class": "-editor-wpforms",
      "unicode": "e621",
      "unicode_decimal": 58913
    },
    {
      "icon_id": "7203910",
      "name": "clone",
      "font_class": "-editor-clone",
      "unicode": "e618",
      "unicode_decimal": 58904
    },
    {
      "icon_id": "7357458",
      "name": "待办",
      "font_class": "-menu-waiting",
      "unicode": "e60b",
      "unicode_decimal": 58891
    },
    {
      "icon_id": "7693131",
      "name": "流程实例",
      "font_class": "-menu-flowinstance",
      "unicode": "ee69",
      "unicode_decimal": 61033
    },
    {
      "icon_id": "7826247",
      "name": "发起",
      "font_class": "-menu-launch",
      "unicode": "e906",
      "unicode_decimal": 59654
    },
    {
      "icon_id": "7862014",
      "name": "数据源",
      "font_class": "-menu-datasourcesetting",
      "unicode": "e66b",
      "unicode_decimal": 58987
    },
    {
      "icon_id": "8110832",
      "name": "基础-工具",
      "font_class": "-menu-basetool",
      "unicode": "e744",
      "unicode_decimal": 59204
    },
    {
      "icon_id": "8638171",
      "name": "数据表",
      "font_class": "-menu-datatable",
      "unicode": "e680",
      "unicode_decimal": 59008
    },
    {
      "icon_id": "8648357",
      "name": "数据视图管理",
      "font_class": "-menu-dataviewManage",
      "unicode": "e616",
      "unicode_decimal": 58902
    },
    {
      "icon_id": "8775056",
      "name": "http",
      "font_class": "-menu-http",
      "unicode": "e652",
      "unicode_decimal": 58962
    },
    {
      "icon_id": "9016997",
      "name": "编码规则",
      "font_class": "-menu-codeRule",
      "unicode": "e64e",
      "unicode_decimal": 58958
    },
    {
      "icon_id": "9140862",
      "name": "-_表单实例",
      "font_class": "-menu-forminstance",
      "unicode": "e60d",
      "unicode_decimal": 58893
    },
    {
      "icon_id": "9332223",
      "name": "功能按钮管理",
      "font_class": "-menu-btnmanage",
      "unicode": "e733",
      "unicode_decimal": 59187
    },
    {
      "icon_id": "10025359",
      "name": "table",
      "font_class": "-editor-table",
      "unicode": "e615",
      "unicode_decimal": 58901
    },
    {
      "icon_id": "10490471",
      "name": "迁移",
      "font_class": "-menu-transfer",
      "unicode": "e60f",
      "unicode_decimal": 58895
    },
    {
      "icon_id": "10813923",
      "name": "tags",
      "font_class": "-editor-tags",
      "unicode": "e612",
      "unicode_decimal": 58898
    },
    {
      "icon_id": "10813943",
      "name": "tree-o",
      "font_class": "-editor-tree",
      "unicode": "e613",
      "unicode_decimal": 58899
    },
    {
      "icon_id": "10813990",
      "name": "check-circle-o",
      "font_class": "-editor-check-circle",
      "unicode": "e617",
      "unicode_decimal": 58903
    },
    {
      "icon_id": "10814051",
      "name": "check-square-o",
      "font_class": "-editor-check-square",
      "unicode": "e619",
      "unicode_decimal": 58905
    },
    {
      "icon_id": "10814096",
      "name": "header",
      "font_class": "-editor-header",
      "unicode": "e61a",
      "unicode_decimal": 58906
    },
    {
      "icon_id": "10814100",
      "name": "sort-numeric-asc",
      "font_class": "-custom-sort-numeric-asc",
      "unicode": "e61b",
      "unicode_decimal": 58907
    },
    {
      "icon_id": "10814128",
      "name": "calendar",
      "font_class": "-custom-calendar",
      "unicode": "e61c",
      "unicode_decimal": 58908
    },
    {
      "icon_id": "10814180",
      "name": "zui28x28icon35",
      "font_class": "-custom-text",
      "unicode": "e61e",
      "unicode_decimal": 58910
    },
    {
      "icon_id": "10814517",
      "name": "Mobile",
      "font_class": "-custom-mobile",
      "unicode": "e620",
      "unicode_decimal": 58912
    }
  ]
}
